"rocket","company","location"
"VLS-1","AEB","VLS Pad, Alcântara Launch Center, Maranhão, Brazil"
"Juno I","AMBA","LC-26A, Cape Canaveral AFS, Florida, USA"
"Juno I","AMBA","LC-5, Cape Canaveral AFS, Florida, USA"
"Juno II","AMBA","LC-5, Cape Canaveral AFS, Florida, USA"
"Redstone Sparta","AMBA","LA-5B, RAAF Woomera Range Complex, Australia"
"Ariane 1","Arianespace","ELV-1 (SLV), Guiana Space Centre, French Guiana, France"
"Ariane 2","Arianespace","ELA-1, Guiana Space Centre, French Guiana, France"
"Ariane 2","Arianespace","ELA-2, Guiana Space Centre, French Guiana, France"
"Ariane 3","Arianespace","ELA-1, Guiana Space Centre, French Guiana, France"
"Ariane 3","Arianespace","ELA-2, Guiana Space Centre, French Guiana, France"
"Ariane 40","Arianespace","ELA-2, Guiana Space Centre, French Guiana, France"
"Ariane 42L","Arianespace","ELA-3, Guiana Space Centre, French Guiana, France"
"Ariane 42L","Arianespace","ELA-2, Guiana Space Centre, French Guiana, France"
"Ariane 42P","Arianespace","ELA-2, Guiana Space Centre, French Guiana, France"
"Ariane 44L","Arianespace","ELA-2, Guiana Space Centre, French Guiana, France"
"Ariane 44LP","Arianespace","ELA-2, Guiana Space Centre, French Guiana, France"
"Ariane 44P","Arianespace","ELA-2, Guiana Space Centre, French Guiana, France"
"Ariane 5 ECA","Arianespace","ELA-3, Guiana Space Centre, French Guiana, France"
"Ariane 5 ES","Arianespace","ELA-3, Guiana Space Centre, French Guiana, France"
"Ariane 5 G","Arianespace","ELA-3, Guiana Space Centre, French Guiana, France"
"Ariane 5 G+","Arianespace","ELA-3, Guiana Space Centre, French Guiana, France"
"Ariane 5 GS","Arianespace","ELA-3, Guiana Space Centre, French Guiana, France"
"Soyuz 2.1b/Fregat","Arianespace","Site 31/6, Baikonur Cosmodrome, Kazakhstan"
"Soyuz ST-A/Fregat","Arianespace","ELS, Guiana Space Centre, French Guiana, France"
"Soyuz ST-A/Fregat-M","Arianespace","ELS, Guiana Space Centre, French Guiana, France"
"Soyuz ST-B/Fregat-M","Arianespace","ELS, Guiana Space Centre, French Guiana, France"
"Soyuz ST-B/Fregat-MT","Arianespace","ELS, Guiana Space Centre, French Guiana, France"
"Vega","Arianespace","ELV-1 (SLV), Guiana Space Centre, French Guiana, France"
"Vega","Arianespace","ELV-1, Guiana Space Centre, French Guiana, France"
"Diamant A","Armée de l'Air","Brigitte, Hammaguir, Algeria, France"
"Scout B","ASI","Santa Rita 2, San Marco Launch Platform, Kenya"
"Scout B","ASI","SM Launch Tab, San Marco Launch Platform, Kenya"
"Scout B1","ASI","SM Launch Tab, San Marco Launch Platform, Kenya"
"Scout D1","ASI","SM Launch Tab, San Marco Launch Platform, Kenya"
"Scout F1","ASI","SM Launch Tab, San Marco Launch Platform, Kenya"
"Scout G1","ASI","SM Launch Tab, San Marco Launch Platform, Kenya"
"Rocket 3","Astra","LP-3B, Pacific Spaceport Complex, Kodiak, Alaska, USA"
"Rocket 3","Astra","SLC-46, Cape Canaveral SFS, Florida, USA"
"New Shepard","Blue Origin","Launch Site One, West Texas, Texas, USA"
"New Shepard","Blue Origin","Blue Origin Launch Site, West Texas, Texas, USA"
"Delta 4925-8","Boeing","SLC-17B, Cape Canaveral AFS, Florida, USA"
"Delta II 6920-10","Boeing","SLC-17A, Cape Canaveral AFS, Florida, USA"
"Delta II 6920-8","Boeing","SLC-17B, Cape Canaveral AFS, Florida, USA"
"Delta II 6925","Boeing","SLC-17A, Cape Canaveral AFS, Florida, USA"
"Delta II 6925","Boeing","SLC-17B, Cape Canaveral AFS, Florida, USA"
"Delta II 6925-8","Boeing","SLC-17B, Cape Canaveral AFS, Florida, USA"
"Delta II 7320-10C","Boeing","SLC-17A, Cape Canaveral AFS, Florida, USA"
"Delta II 7320-10C","Boeing","SLC-2W, Vandenberg AFB, California, USA"
"Delta II 7326","Boeing","SLC-17A, Cape Canaveral AFS, Florida, USA"
"Delta II 7326","Boeing","SLC-2W, Vandenberg AFB, California, USA"
"Delta II 7420-10C","Boeing","SLC-17A, Cape Canaveral AFS, Florida, USA"
"Delta II 7420-10C","Boeing","SLC-17B, Cape Canaveral AFS, Florida, USA"
"Delta II 7420-10C","Boeing","SLC-2W, Vandenberg AFB, California, USA"
"Delta II 7425","Boeing","SLC-17B, Cape Canaveral AFS, Florida, USA"
"Delta II 7425","Boeing","SLC-17A, Cape Canaveral AFS, Florida, USA"
"Delta II 7425-10C","Boeing","SLC-17A, Cape Canaveral AFS, Florida, USA"
"Delta II 7426","Boeing","SLC-17A, Cape Canaveral AFS, Florida, USA"
"Delta II 7920-10","Boeing","SLC-2W, Vandenberg AFB, California, USA"
"Delta II 7920-10","Boeing","SLC-17A, Cape Canaveral AFS, Florida, USA"
"Delta II 7920-10C","Boeing","SLC-17B, Cape Canaveral AFS, Florida, USA"
"Delta II 7920-10C","Boeing","SLC-2W, Vandenberg AFB, California, USA"
"Delta II 7920-10C","Boeing","SLC-17A, Cape Canaveral AFS, Florida, USA"
"Delta II 7920-10L","Boeing","SLC-2W, Vandenberg AFB, California, USA"
"Delta II 7920-8","Boeing","SLC-17A, Cape Canaveral AFS, Florida, USA"
"Delta II 7920H","Boeing","SLC-17B, Cape Canaveral AFS, Florida, USA"
"Delta II 7925","Boeing","SLC-17B, Cape Canaveral AFS, Florida, USA"
"Delta II 7925","Boeing","SLC-17A, Cape Canaveral AFS, Florida, USA"
"Delta II 7925-10","Boeing","SLC-2W, Vandenberg AFB, California, USA"
"Delta II 7925-10","Boeing","SLC-17B, Cape Canaveral AFS, Florida, USA"
"Delta II 7925-10L","Boeing","SLC-17B, Cape Canaveral AFS, Florida, USA"
"Delta II 7925-8","Boeing","SLC-17B, Cape Canaveral AFS, Florida, USA"
"Delta II 7925H","Boeing","SLC-17B, Cape Canaveral AFS, Florida, USA"
"Delta III 8930","Boeing","SLC-17B, Cape Canaveral AFS, Florida, USA"
"Delta IV Heavy","Boeing","SLC-37B, Cape Canaveral AFS, Florida, USA"
"Delta IV Medium","Boeing","SLC-37B, Cape Canaveral AFS, Florida, USA"
"Delta IV Medium","Boeing","SLC-6, Vandenberg AFB, California, USA"
"Delta IV Medium+ (4,2)","Boeing","SLC-37B, Cape Canaveral AFS, Florida, USA"
"Delta IV Medium+ (4,2)","Boeing","SLC-6, Vandenberg AFB, California, USA"
"Zhongke-1A","CAS Space","Jiuquan Satellite Launch Center, China"
"Feng Bao 1","CASC","Site 138 (LA-2B), Jiuquan Satellite Launch Center, China"
"Jielong-1","CASC","Site 95, Jiuquan Satellite Launch Center, China"
"Long March 1","CASC","Site 5020 (LA-2A), Jiuquan Satellite Launch Center, China"
"Long March 11","CASC","Xichang Satellite Launch Center, China"
"Long March 11","CASC","Site 95, Jiuquan Satellite Launch Center, China"
"Long March 11H","CASC","DeBo 3 Barge, Yellow Sea"
"Long March 11H","CASC","Tai Rui Barge, Yellow Sea"
"Long March 2","CASC","Site 138 (LA-2B), Jiuquan Satellite Launch Center, China"
"Long March 2C","CASC","LC-9, Taiyuan Satellite Launch Center, China"
"Long March 2C","CASC","Taiyuan Satellite Launch Center, China"
"Long March 2C","CASC","LC-7, Taiyuan Satellite Launch Center, China"
"Long March 2C","CASC","LC-3, Xichang Satellite Launch Center, China"
"Long March 2C","CASC","Site 138 (LA-2B), Jiuquan Satellite Launch Center, China"
"Long March 2C","CASC","Site 9401 (SLS-2), Jiuquan Satellite Launch Center, China"
"Long March 2C/E","CASC","LC-3, Xichang Satellite Launch Center, China"
"Long March 2C/SMA","CASC","LC-7, Taiyuan Satellite Launch Center, China"
"Long March 2C/YZ-1S","CASC","Site 9401 (SLS-2), Jiuquan Satellite Launch Center, China"
"Long March 2D","CASC","Site 138 (LA-2B), Jiuquan Satellite Launch Center, China"
"Long March 2D","CASC","LC-3, Xichang Satellite Launch Center, China"
"Long March 2D","CASC","Site 9401 (SLS-2), Jiuquan Satellite Launch Center, China"
"Long March 2D","CASC","LC-9, Taiyuan Satellite Launch Center, China"
"Long March 2D/YZ-3","CASC","Site 9401 (SLS-2), Jiuquan Satellite Launch Center, China"
"Long March 2E","CASC","LC-2, Xichang Satellite Launch Center, China"
"Long March 2F","CASC","Site 901 (SLS-1), Jiuquan Satellite Launch Center, China"
"Long March 2F/G","CASC","Site 901 (SLS-1), Jiuquan Satellite Launch Center, China"
"Long March 2F/T","CASC","Site 901 (SLS-1), Jiuquan Satellite Launch Center, China"
"Long March 3","CASC","LC-3, Xichang Satellite Launch Center, China"
"Long March 3A","CASC","LC-2, Xichang Satellite Launch Center, China"
"Long March 3B","CASC","LC-3, Xichang Satellite Launch Center, China"
"Long March 3B","CASC","LC-2, Xichang Satellite Launch Center, China"
"Long March 3B/E","CASC","LC-2, Xichang Satellite Launch Center, China"
"Long March 3B/E","CASC","LC-3, Xichang Satellite Launch Center, China"
"Long March 3B/YZ-1","CASC","LC-2, Xichang Satellite Launch Center, China"
"Long March 3B/YZ-1","CASC","LC-3, Xichang Satellite Launch Center, China"
"Long March 3C","CASC","LC-2, Xichang Satellite Launch Center, China"
"Long March 3C/E","CASC","LC-2, Xichang Satellite Launch Center, China"
"Long March 3C/E","CASC","LC-3, Xichang Satellite Launch Center, China"
"Long March 3C/YZ-1","CASC","LC-2, Xichang Satellite Launch Center, China"
"Long March 4A","CASC","Taiyuan Satellite Launch Center, China"
"Long March 4B","CASC","Taiyuan Satellite Launch Center, China"
"Long March 4B","CASC","LC-9, Taiyuan Satellite Launch Center, China"
"Long March 4B","CASC","LC-7, Taiyuan Satellite Launch Center, China"
"Long March 4B","CASC","Site 9401 (SLS-2), Jiuquan Satellite Launch Center, China"
"Long March 4C","CASC","Site 9401 (SLS-2), Jiuquan Satellite Launch Center, China"
"Long March 4C","CASC","LC-3, Xichang Satellite Launch Center, China"
"Long March 4C","CASC","LC-7, Taiyuan Satellite Launch Center, China"
"Long March 4C","CASC","LC-9, Taiyuan Satellite Launch Center, China"
"Long March 5","CASC","LC-101, Wenchang Satellite Launch Center, China"
"Long March 5/YZ-2","CASC","LC-101, Wenchang Satellite Launch Center, China"
"Long March 5B","CASC","LC-101, Wenchang Satellite Launch Center, China"
"Long March 6","CASC","LC-16, Taiyuan Satellite Launch Center, China"
"Long March 6A","CASC","LC-9A, Taiyuan Satellite Launch Center, China"
"Long March 7","CASC","LC-201, Wenchang Satellite Launch Center, China"
"Long March 7/YZ-1A","CASC","LC-201, Wenchang Satellite Launch Center, China"
"Long March 7A","CASC","LC-201, Wenchang Satellite Launch Center, China"
"Long March 8","CASC","LC-201, Wenchang Satellite Launch Center, China"
"Long March 8 (Core Only)","CASC","LC-201, Wenchang Satellite Launch Center, China"
"Kaituozhe 1","CASIC","Taiyuan Satellite Launch Center, China"
"Kaituozhe 2","CASIC","Site 95, Jiuquan Satellite Launch Center, China"
"Kuaizhou 1","CASIC","Site 95, Jiuquan Satellite Launch Center, China"
"Kuaizhou 1","CASIC","Jiuquan Satellite Launch Center, China"
"Kuaizhou 1A","CASIC","Site 95, Jiuquan Satellite Launch Center, China"
"Europa 1","CECLES","LA-5B, RAAF Woomera Range Complex, Australia"
"Europa 2","CECLES","ELA-1, Guiana Space Centre, French Guiana, France"
"Diamant B","CNES","ELD, Guiana Space Centre, French Guiana, France"
"Diamant BP4","CNES","ELD, Guiana Space Centre, French Guiana, France"
"Delta 3920-8","Douglas","SLC-17A, Cape Canaveral AFS, Florida, USA"
"Conestoga-1620","EER","LP-0A, Wallops Flight Facility, Virginia, USA"
"Ariane 1","ESA","ELV-1 (SLV), Guiana Space Centre, French Guiana, France"
"Ariane 44LP","ESA","ELA-2, Guiana Space Centre, French Guiana, France"
"Ariane 5 G","ESA","ELA-3, Guiana Space Centre, French Guiana, France"
"Vega","ESA","ELV-1 (SLV), Guiana Space Centre, French Guiana, France"
"Vega C","ESA","ELV-1, Guiana Space Centre, French Guiana, France"
"Rokot/Briz KM","Eurockot","Site 133/3, Plesetsk Cosmodrome, Russia"
"SARGE","Exos","Vertical Launch Area, Spaceport America, New Mexico"
"Kuaizhou 11","ExPace","Site 95, Jiuquan Satellite Launch Center, China"
"Kuaizhou 1A","ExPace","Taiyuan Satellite Launch Center, China"
"Kuaizhou 1A","ExPace","Site 9401 (SLS-2), Jiuquan Satellite Launch Center, China"
"Kuaizhou 1A","ExPace","Site 95, Jiuquan Satellite Launch Center, China"
"Firefly Alpha","Firefly","SLC-2W, Vandenberg SFB, California, USA"
"Ceres-1","Galactic Energy","Site 95, Jiuquan Satellite Launch Center, China"
"Atlas-D Able","General Dynamics","LC-12, Cape Canaveral AFS, Florida, USA"
"Atlas-D Able","General Dynamics","LC-14, Cape Canaveral AFS, Florida, USA"
"Atlas-D OV1","General Dynamics","LC-576B3, Vandenberg AFB, California, USA"
"Atlas-E/F Agena D","General Dynamics","SLC-3W, Vandenberg AFB, California, USA"
"Atlas-E/F Burner","General Dynamics","LC-576A1, Vandenberg AFB, California, USA"
"Atlas-E/F MSD","General Dynamics","SLC-3W, Vandenberg AFB, California, USA"
"Atlas-E/F OIS","General Dynamics","SLC-3W, Vandenberg AFB, California, USA"
"Atlas-E/F OV1","General Dynamics","LC-576A2, Vandenberg AFB, California, USA"
"Atlas-E/F PTS","General Dynamics","SLC-3W, Vandenberg AFB, California, USA"
"Atlas-E/F SGS-1","General Dynamics","SLC-3E, Vandenberg AFB, California, USA"
"Atlas-E/F SGS-1","General Dynamics","SLC-3W, Vandenberg AFB, California, USA"
"Atlas-E/F SGS-2","General Dynamics","SLC-3W, Vandenberg AFB, California, USA"
"Atlas-E/F Star-17A","General Dynamics","SLC-3W, Vandenberg AFB, California, USA"
"Atlas-E/F Star-37S-ISS","General Dynamics","SLC-3W, Vandenberg AFB, California, USA"
"Atlas-G Centaur-D1AR","General Dynamics","SLC-36B, Cape Canaveral AFS, Florida, USA"
"Atlas-G Centaur-D1AR","General Dynamics","SLC-36A, Cape Canaveral AFS, Florida, USA"
"Atlas-H MSD","General Dynamics","SLC-3E, Vandenberg AFB, California, USA"
"Atlas-LV3 Agena-A","General Dynamics","SLC-3W, Vandenberg AFB, California, USA"
"Atlas-LV3 Agena-A","General Dynamics","LC-14, Cape Canaveral AFS, Florida, USA"
"Atlas-LV3 Agena-B","General Dynamics","LC-12, Cape Canaveral AFS, Florida, USA"
"Atlas-LV3 Agena-B","General Dynamics","SLC-3E, Vandenberg AFB, California, USA"
"Atlas-LV3 Agena-B","General Dynamics","SLC-3W, Vandenberg AFB, California, USA"
"Atlas-LV3 Agena-D","General Dynamics","LC-12, Cape Canaveral AFS, Florida, USA"
"Atlas-LV3 Agena-D","General Dynamics","SLC-4W, Vandenberg AFB, California, USA"
"Atlas-LV3 Agena-D","General Dynamics","LC-13, Cape Canaveral AFS, Florida, USA"
"Atlas-LV3C Centaur-A","General Dynamics","SLC-36A, Cape Canaveral AFS, Florida, USA"
"Atlas-LV3C Centaur-B","General Dynamics","SLC-36A, Cape Canaveral AFS, Florida, USA"
"Atlas-LV3C Centaur-C","General Dynamics","SLC-36A, Cape Canaveral AFS, Florida, USA"
"Atlas-LV3C Centaur-D","General Dynamics","SLC-36B, Cape Canaveral AFS, Florida, USA"
"Atlas-LV3C Centaur-D","General Dynamics","SLC-36A, Cape Canaveral AFS, Florida, USA"
"Atlas-SLV3 Agena-B","General Dynamics","LC-12, Cape Canaveral AFS, Florida, USA"
"Atlas-SLV3 Agena-D","General Dynamics","LC-13, Cape Canaveral AFS, Florida, USA"
"Atlas-SLV3 Agena-D","General Dynamics","SLC-4W, Vandenberg AFB, California, USA"
"Atlas-SLV3 Agena-D","General Dynamics","LC-14, Cape Canaveral AFS, Florida, USA"
"Atlas-SLV3 Agena-D","General Dynamics","SLC-3E, Vandenberg AFB, California, USA"
"Atlas-SLV3 Agena-D","General Dynamics","SLC-4E, Vandenberg AFB, California, USA"
"Atlas-SLV3 Agena-D","General Dynamics","LC-12, Cape Canaveral AFS, Florida, USA"
"Atlas-SLV3 Burner-2","General Dynamics","SLC-3E, Vandenberg AFB, California, USA"
"Atlas-SLV3A Agena-D","General Dynamics","LC-13, Cape Canaveral AFS, Florida, USA"
"Atlas-SLV3B Agena-D","General Dynamics","LC-12, Cape Canaveral AFS, Florida, USA"
"Atlas-SLV3C Centaur-D","General Dynamics","SLC-36B, Cape Canaveral AFS, Florida, USA"
"Atlas-SLV3C Centaur-D","General Dynamics","SLC-36A, Cape Canaveral AFS, Florida, USA"
"Atlas-SLV3D Centaur-D1A","General Dynamics","SLC-36A, Cape Canaveral AFS, Florida, USA"
"Atlas-SLV3D Centaur-D1A","General Dynamics","SLC-36B, Cape Canaveral AFS, Florida, USA"
"Atlas-SLV3D Centaur-D1AR","General Dynamics","SLC-36B, Cape Canaveral AFS, Florida, USA"
"Atlas-SLV3D Centaur-D1AR","General Dynamics","SLC-36A, Cape Canaveral AFS, Florida, USA"
"Atlas I","General Dynamics","SLC-36B, Cape Canaveral AFS, Florida, USA"
"Atlas II","General Dynamics","SLC-36B, Cape Canaveral AFS, Florida, USA"
"Atlas II","General Dynamics","SLC-36A, Cape Canaveral AFS, Florida, USA"
"Atlas IIA","General Dynamics","SLC-36B, Cape Canaveral AFS, Florida, USA"
"Atlas IIAS","General Dynamics","SLC-36B, Cape Canaveral AFS, Florida, USA"
"Atlas SLV-3","General Dynamics","LC-14, Cape Canaveral AFS, Florida, USA"
"Soyuz 2.1a/Fregat-M","GK LS","Site 31/6, Baikonur Cosmodrome, Kazakhstan"
"Hyperbola-1","i-Space","Site 95, Jiuquan Satellite Launch Center, China"
"Shavit","IAI","Pad 1, Palmachim Airbase, Israel"
"Shavit-1","IAI","Pad 1, Palmachim Airbase, Israel"
"Shavit-2","IAI","Pad 1, Palmachim Airbase, Israel"
"Atlas IIA","ILS","SLC-36B, Cape Canaveral AFS, Florida, USA"
"Atlas IIA","ILS","SLC-36A, Cape Canaveral AFS, Florida, USA"
"Atlas IIAS","ILS","SLC-36B, Cape Canaveral AFS, Florida, USA"
"Atlas IIAS","ILS","SLC-36A, Cape Canaveral AFS, Florida, USA"
"Atlas IIIA","ILS","SLC-36B, Cape Canaveral AFS, Florida, USA"
"Atlas IIIB","ILS","SLC-36B, Cape Canaveral AFS, Florida, USA"
"Atlas V 401","ILS","SLC-41, Cape Canaveral AFS, Florida, USA"
"Atlas V 411","ILS","SLC-41, Cape Canaveral AFS, Florida, USA"
"Atlas V 431","ILS","SLC-41, Cape Canaveral AFS, Florida, USA"
"Atlas V 521","ILS","SLC-41, Cape Canaveral AFS, Florida, USA"
"Atlas V 551","ILS","SLC-41, Cape Canaveral AFS, Florida, USA"
"Proton-M/Briz-M","ILS","Site 81/24, Baikonur Cosmodrome, Kazakhstan"
"Proton-M/Briz-M","ILS","Site 200/39, Baikonur Cosmodrome, Kazakhstan"
"Proton K/Block DM-3","ILS","Site 81/23, Baikonur Cosmodrome, Kazakhstan"
"Qased","IRGC","Launch Plateform, Shahrud Missile Test Site"
"Qased","IRGC","Launch Platform, Shahrud Missile Test Site, Iran"
"Safir-1","ISA","Imam Khomeini Spaceport, Semnan Space Center, Iran"
"Safir-1A","ISA","Imam Khomeini Spaceport, Semnan Space Center, Iran"
"Safir-1B","ISA","Imam Khomeini Spaceport, Semnan Space Center, Iran"
"Safir-1B+","ISA","Imam Khomeini Spaceport, Semnan Space Center, Iran"
"Simorgh","ISA","Imam Khomeini Spaceport, Semnan Space Center, Iran"
"Zoljanah","ISA","Launch Platform, Shahrud Missile Test Site, Iran"
"Mu-III C","ISAS","Mu Pad, Uchinoura Space Center, Japan"
"Mu-III H","ISAS","Mu Pad, Uchinoura Space Center, Japan"
"Mu-III S","ISAS","Mu Pad, Uchinoura Space Center, Japan"
"Mu-III S2","ISAS","Mu Pad, Uchinoura Space Center, Japan"
"Mu-IV S","ISAS","Mu Pad, Uchinoura Space Center, Japan"
"Mu-V / M-24","ISAS","Mu Pad, Uchinoura Space Center, Japan"
"Mu-V / M-25","ISAS","Mu Pad, Uchinoura Space Center, Japan"
"ASLV","ISRO","SLV LP, Satish Dhawan Space Centre, India"
"GSLV Mk I","ISRO","Second Launch Pad, Satish Dhawan Space Centre, India"
"GSLV Mk I","ISRO","First Launch Pad, Satish Dhawan Space Centre, India"
"GSLV Mk II","ISRO","Second Launch Pad, Satish Dhawan Space Centre, India"
"GSLV Mk III","ISRO","Second Launch Pad, Satish Dhawan Space Centre, India"
"PSLV-CA","ISRO","First Launch Pad, Satish Dhawan Space Centre, India"
"PSLV-CA","ISRO","Second Launch Pad, Satish Dhawan Space Centre, India"
"PSLV-DL","ISRO","First Launch Pad, Satish Dhawan Space Centre, India"
"PSLV-G","ISRO","Second Launch Pad, Satish Dhawan Space Centre, India"
"PSLV-G","ISRO","First Launch Pad, Satish Dhawan Space Centre, India"
"PSLV-QL","ISRO","Second Launch Pad, Satish Dhawan Space Centre, India"
"PSLV-QL","ISRO","First Launch Pad, Satish Dhawan Space Centre, India"
"PSLV-XL","ISRO","First Launch Pad, Satish Dhawan Space Centre, India"
"PSLV-XL","ISRO","Second Launch Pad, Satish Dhawan Space Centre, India"
"SLV-3","ISRO","SLV LP, Satish Dhawan Space Centre, India"
"Epsilon","JAXA","Mu Pad, Uchinoura Space Center, Japan"
"Epsilon Demo","JAXA","Mu Pad, Uchinoura Space Center, Japan"
"Epsilon PBS","JAXA","Mu Pad, Uchinoura Space Center, Japan"
"H-IIA 202","JAXA","LA-Y1, Tanegashima Space Center, Japan"
"SS-520","JAXA","Uchinoura Space Center, Japan"
"KSLV-2","KARI","LC-2, Naro Space Center, South Korea"
"Naro-1","KARI","LC-1, Naro Space Center, South Korea"
"Taepodong-1","KCST","Pad 1, Tonghae Satellite Launching Ground, North Korea"
"Unha-2","KCST","Pad 1, Tonghae Satellite Launching Ground, North Korea"
"Unha-3","KCST","Pad 1, Sohae Satellite Launching Station, North Korea"
"Angara A5/Briz-M","Khrunichev","Site 35/1, Plesetsk Cosmodrome, Russia"
"Dnepr","Kosmotras","Site 370/13, Yasny Cosmodrome, Russia"
"Dnepr","Kosmotras","Site 109/95, Baikonur Cosmodrome, Kazakhstan"
"Zenit-3 SLB","Land Launch","Site 45/1, Baikonur Cosmodrome, Kazakhstan"
"Zenit-3 SLBF","Land Launch","Site 45/1, Baikonur Cosmodrome, Kazakhstan"
"ZhuQue-1","Landspace","Site 95, Jiuquan Satellite Launch Center, China"
"Athena I","Lockheed","LP-1, Pacific Spaceport Complex, Alaska, USA"
"Athena I","Lockheed","SLC-6, Vandenberg AFB, California, USA"
"Athena I","Lockheed","SLC-46, Cape Canaveral AFS, Florida, USA"
"Athena II","Lockheed","SLC-6, Vandenberg AFB, California, USA"
"Athena II","Lockheed","SLC-46, Cape Canaveral AFS, Florida, USA"
"Atlas-E/F Altair","Lockheed","SLC-3W, Vandenberg AFB, California, USA"
"Atlas I","Lockheed","SLC-36B, Cape Canaveral AFS, Florida, USA"
"Atlas II","Lockheed","SLC-36A, Cape Canaveral AFS, Florida, USA"
"Atlas IIA","Lockheed","SLC-36B, Cape Canaveral AFS, Florida, USA"
"Atlas IIA","Lockheed","SLC-36A, Cape Canaveral AFS, Florida, USA"
"Atlas IIAS","Lockheed","SLC-36B, Cape Canaveral AFS, Florida, USA"
"Atlas IIAS","Lockheed","SLC-3E, Vandenberg AFB, California, USA"
"Atlas IIAS","Lockheed","SLC-36A, Cape Canaveral AFS, Florida, USA"
"Atlas IIIB","Lockheed","SLC-36B, Cape Canaveral AFS, Florida, USA"
"Titan II(23)G","Lockheed","SLC-4W, Vandenberg AFB, California, USA"
"Titan IV(401)A","Lockheed","SLC-41, Cape Canaveral AFS, Florida, USA"
"Titan IV(401)A","Lockheed","SLC-40, Cape Canaveral AFS, Florida, USA"
"Titan IV(401)B","Lockheed","SLC-40, Cape Canaveral AFS, Florida, USA"
"Titan IV(402)B","Lockheed","SLC-40, Cape Canaveral AFS, Florida, USA"
"Titan IV(402)B","Lockheed","SLC-41, Cape Canaveral AFS, Florida, USA"
"Titan IV(403)A","Lockheed","SLC-4E, Vandenberg AFB, California, USA"
"Titan IV(403)B","Lockheed","SLC-4E, Vandenberg AFB, California, USA"
"Titan IV(404)A","Lockheed","SLC-4E, Vandenberg AFB, California, USA"
"Titan IV(404)B","Lockheed","SLC-4E, Vandenberg AFB, California, USA"
"Titan IV(405)A","Lockheed","SLC-40, Cape Canaveral AFS, Florida, USA"
"Titan IV(405)B","Lockheed","SLC-40, Cape Canaveral AFS, Florida, USA"
"Commercial Titan III","Martin Marietta","SLC-40, Cape Canaveral AFS, Florida, USA"
"Titan-III(33)B Agena-D","Martin Marietta","SLC-4W, Vandenberg AFB, California, USA"
"Titan 34D","Martin Marietta","SLC-40, Cape Canaveral AFS, Florida, USA"
"Titan 34D","Martin Marietta","SLC-4E, Vandenberg AFB, California, USA"
"Titan II(23)G","Martin Marietta","SLC-4W, Vandenberg AFB, California, USA"
"Titan III(23)C","Martin Marietta","SLC-40, Cape Canaveral AFS, Florida, USA"
"Titan III(34)B Agena-D","Martin Marietta","SLC-4W, Vandenberg AFB, California, USA"
"Titan IIIC","Martin Marietta","SLC-40, Cape Canaveral AFS, Florida, USA"
"Titan IIIC","Martin Marietta","SLC-41, Cape Canaveral AFS, Florida, USA"
"Titan IIID","Martin Marietta","SLC-4E, Vandenberg AFB, California, USA"
"Titan IIIE","Martin Marietta","SLC-41, Cape Canaveral AFS, Florida, USA"
"Titan IV(401)A","Martin Marietta","SLC-41, Cape Canaveral AFS, Florida, USA"
"Titan IV(401)A","Martin Marietta","SLC-40, Cape Canaveral AFS, Florida, USA"
"Titan IV(402)A","Martin Marietta","SLC-41, Cape Canaveral AFS, Florida, USA"
"Titan IV(402)A","Martin Marietta","SLC-40, Cape Canaveral AFS, Florida, USA"
"Titan IV(403)A","Martin Marietta","SLC-4E, Vandenberg AFB, California, USA"
"Titan IV(404)A","Martin Marietta","SLC-4E, Vandenberg AFB, California, USA"
"Titan IV(405)A","Martin Marietta","SLC-41, Cape Canaveral AFS, Florida, USA"
"H-I (9 SO)","MHI","SLC-N, Tanegashima Space Center, Japan"
"H-I (9 SO)","MHI","LA-Y1, Tanegashima Space Center, Japan"
"H-I UM-129A (6SO)","MHI","LA-Y1, Tanegashima Space Center, Japan"
"H-I UM-129A (9SO)","MHI","LA-Y1, Tanegashima Space Center, Japan"
"H-II","MHI","LA-Y1, Tanegashima Space Center, Japan"
"H-II (2 SSB)","MHI","LA-Y1, Tanegashima Space Center, Japan"
"H-IIA 202","MHI","LA-Y1, Tanegashima Space Center, Japan"
"H-IIA 2022","MHI","LA-Y1, Tanegashima Space Center, Japan"
"H-IIA 2024","MHI","LA-Y1, Tanegashima Space Center, Japan"
"H-IIA 204","MHI","LA-Y1, Tanegashima Space Center, Japan"
"H-IIB","MHI","LA-Y2, Tanegashima Space Center, Japan"
"H-IIS","MHI","LA-Y1, Tanegashima Space Center, Japan"
"N-I","MHI","LA-Y1, Tanegashima Space Center, Japan"
"N-I Star-37E","MHI","LA-Y1, Tanegashima Space Center, Japan"
"N-II","MHI","LA-Y1, Tanegashima Space Center, Japan"
"N-II Star-37E","MHI","LA-Y1, Tanegashima Space Center, Japan"
"Start","MITT","Site 158, Plesetsk Cosmodrome, Russia"
"Start-1","MITT","Site 158, Plesetsk Cosmodrome, Russia"
"Start-1","MITT","Svobodny Cosmodrome, Russia"
"Ares 1-X","NASA","LC-39B, Kennedy Space Center, Florida, USA"
"Atlas-D Mercury","NASA","LC-14, Cape Canaveral AFS, Florida, USA"
"Blue Scout II","NASA","LC-18B, Cape Canaveral AFS, Florida, USA"
"Mercury-Redstone","NASA","LC-5, Cape Canaveral AFS, Florida, USA"
"Saturn I","NASA","LC-34, Cape Canaveral AFS, Florida, USA"
"Saturn I","NASA","SLC-37B, Cape Canaveral AFS, Florida, USA"
"Saturn IB","NASA","LC-34, Cape Canaveral AFS, Florida, USA"
"Saturn IB","NASA","SLC-37B, Cape Canaveral AFS, Florida, USA"
"Saturn IB","NASA","LC-39B, Kennedy Space Center, Florida, USA"
"Saturn V","NASA","LC-39B, Kennedy Space Center, Florida, USA"
"Saturn V","NASA","LC-39A, Kennedy Space Center, Florida, USA"
"Scout X-1","NASA","LA-3, Wallops Flight Facility, Virginia, USA"
"Scout X-2","NASA","LA-3, Wallops Flight Facility, Virginia, USA"
"Scout X-3","NASA","LA-3, Wallops Flight Facility, Virginia, USA"
"Scout X-4","NASA","SLC-5, Vandenberg AFB, California, USA"
"Space Shuttle Atlantis","NASA","LC-39B, Kennedy Space Center, Florida, USA"
"Space Shuttle Atlantis","NASA","LC-39A, Kennedy Space Center, Florida, USA"
"Space Shuttle Challenger","NASA","LC-39A, Kennedy Space Center, Florida, USA"
"Space Shuttle Columbia","NASA","LC-39A, Kennedy Space Center, Florida, USA"
"Space Shuttle Columbia","NASA","LC-39B, Kennedy Space Center, Florida, USA"
"Space Shuttle Discovery","NASA","LC-39B, Kennedy Space Center, Florida, USA"
"Space Shuttle Discovery","NASA","LC-39A, Kennedy Space Center, Florida, USA"
"Space Shuttle Endeavour","NASA","LC-39B, Kennedy Space Center, Florida, USA"
"Space Shuttle Endeavour","NASA","LC-39A, Kennedy Space Center, Florida, USA"
"Thor-DM 18 Able I","NASA","SLC-17A, Cape Canaveral AFS, Florida, USA"
"Titan II GLV","NASA","LC-19, Cape Canaveral AFS, Florida, USA"
"Antares 110","Northrop","LP-0A, Wallops Flight Facility, Virginia, USA"
"Antares 120","Northrop","LP-0A, Wallops Flight Facility, Virginia, USA"
"Antares 130","Northrop","LP-0A, Wallops Flight Facility, Virginia, USA"
"Antares 230","Northrop","LP-0A, Wallops Flight Facility, Virginia, USA"
"Antares 230+","Northrop","LP-0A, Wallops Flight Facility, Virginia, USA"
"Minotaur C (Taurus)","Northrop","SLC-576E, Vandenberg AFB, California, USA"
"Minotaur I","Northrop","SLC-8, Vandenberg AFB, California, USA"
"Minotaur I","Northrop","LP-0B, Wallops Flight Facility, Virginia, USA"
"Minotaur IV","Northrop","SLC-8, Vandenberg AFB, California, USA"
"Minotaur IV","Northrop","LP-0B, Wallops Flight Facility, Virginia, USA"
"Minotaur IV","Northrop","LP-1, Pacific Spaceport Complex, Alaska, USA"
"Minotaur IV","Northrop","SLC-46, Cape Canaveral AFS, Florida, USA"
"Minotaur V","Northrop","LP-0B, Wallops Flight Facility, Virginia, USA"
"Pegasus","Northrop","Stargazer, Vandenberg AFB, California, USA"
"Pegasus","Northrop","Stargazer, Cape Canaveral AFS, Florida, USA"
"Pegasus","Northrop","NB-52B Carrier, Cape Canaveral AFS, Florida, USA"
"Pegasus","Northrop","NB-52B Carrier, Edwards AFB, California, USA"
"Pegasus","Northrop","Stargazer, Ronald Reagan Ballistic Missile Defense Test Site, Marshall Islands, USA"
"Pegasus XL","Northrop","Stargazer, Base Aerea de Gando, Gran Canaria"
"Pegasus XL","Northrop","Stargazer, Cape Canaveral AFS, Florida, USA"
"Pegasus XL","Northrop","Stargazer, Vandenberg AFB, California, USA"
"Pegasus XL","Northrop","Stargazer, Vandenberg SFB, California, USA"
"Pegasus XL","Northrop","Stargazer, Wallops Flight Facility, Virginia, USA"
"Pegasus XL","Northrop","Stargazer, Ronald Reagan Ballistic Missile Defense Test Site, Marshall Islands, USA"
"Pegasus XL/HAPS","Northrop","Stargazer, Wallops Flight Facility, Virginia, USA"
"Pegasus XL/HAPS","Northrop","Stargazer, Vandenberg AFB, California, USA"
"Pegasus/HAPS","Northrop","NB-52B Carrier, Edwards AFB, California, USA"
"Cosmos-3 (11K65)","OKB-586","Site 41/15, Baikonur Cosmodrome, Kazakhstan"
"OS-M1","OneSpace","Site 95, Jiuquan Satellite Launch Center, China"
"Black Arrow","RAE","LA-5B, RAAF Woomera Range Complex, Australia"
"Electron","Rocket Lab","Rocket Lab LC-1A, M?hia Peninsula, New Zealand"
"Electron/Curie","Rocket Lab","Rocket Lab LC-1B, MÄhia Peninsula, New Zealand"
"Electron/Curie","Rocket Lab","Rocket Lab LC-1A, MÄhia Peninsula, New Zealand"
"Electron/Curie","Rocket Lab","Rocket Lab LC-1A, M?hia Peninsula, New Zealand"
"Electron/Photon","Rocket Lab","Rocket Lab LC-1B, MÄhia Peninsula, New Zealand"
"Electron/Photon","Rocket Lab","Rocket Lab LC-1A, MÄhia Peninsula, New Zealand"
"Proton-M","Roscosmos","Site 200/39, Baikonur Cosmodrome, Kazakhstan"
"Proton-M/Briz-M","Roscosmos","Site 200/39, Baikonur Cosmodrome, Kazakhstan"
"Proton-M/Briz-M","Roscosmos","Site 81/24, Baikonur Cosmodrome, Kazakhstan"
"Proton-M/DM-3","Roscosmos","Site 81/24, Baikonur Cosmodrome, Kazakhstan"
"Soyuz","Roscosmos","Site 31/6, Baikonur Cosmodrome, Kazakhstan"
"Soyuz 2.1a","Roscosmos","Site 31/6, Baikonur Cosmodrome, Kazakhstan"
"Soyuz 2.1a/Fregat","Roscosmos","Site 1S, Vostochny Cosmodrome, Russia"
"Soyuz 2.1a/Fregat","Roscosmos","Site 31/6, Baikonur Cosmodrome, Kazakhstan"
"Soyuz 2.1a/Fregat-M","Roscosmos","Site 1S, Vostochny Cosmodrome, Russia"
"Soyuz 2.1a/Volga","Roscosmos","Site 1S, Vostochny Cosmodrome, Russia"
"Soyuz 2.1b","Roscosmos","Site 43/4, Plesetsk Cosmodrome, Russia"
"Soyuz 2.1b","Roscosmos","Site 31/6, Baikonur Cosmodrome, Kazakhstan"
"Soyuz 2.1b/Fregat-M","Roscosmos","Site 1S, Vostochny Cosmodrome, Russia"
"Soyuz 2.1b/Fregat-M","Roscosmos","Site 31/6, Baikonur Cosmodrome, Kazakhstan"
"Soyuz 2.1b/Fregat-M","Roscosmos","Site 43/4, Plesetsk Cosmodrome, Russia"
"Soyuz 2.1v","Roscosmos","Site 43/4, Plesetsk Cosmodrome, Russia"
"Soyuz FG","Roscosmos","Site 1/5, Baikonur Cosmodrome, Kazakhstan"
"Soyuz FG","Roscosmos","Site 31/6, Baikonur Cosmodrome, Kazakhstan"
"Soyuz U","Roscosmos","Site 1/5, Baikonur Cosmodrome, Kazakhstan"
"Soyuz U","Roscosmos","Site 31/6, Baikonur Cosmodrome, Kazakhstan"
"Zenit-2 FG","Roscosmos","Site 45/1, Baikonur Cosmodrome, Kazakhstan"
"Zenit-3 SLBF","Roscosmos","Site 45/1, Baikonur Cosmodrome, Kazakhstan"
"Cosmos-1 (65S3)","RVSN USSR","Site 41/15, Baikonur Cosmodrome, Kazakhstan"
"Cosmos-2I (63S1)","RVSN USSR","Mayak-2, Kapustin Yar, Russia"
"Cosmos-2I (63S1)","RVSN USSR","Site 86/1, Kapustin Yar, Russia"
"Cosmos-2I (63SM)","RVSN USSR","Site 133/3, Plesetsk Cosmodrome, Russia"
"Cosmos-2I (63SM)","RVSN USSR","Site 86/1, Kapustin Yar, Russia"
"Cosmos-3 (11K65)","RVSN USSR","Site 41/15, Baikonur Cosmodrome, Kazakhstan"
"Cosmos-3M (11K65M)","RVSN USSR","Site 132/2, Plesetsk Cosmodrome, Russia"
"Cosmos-3M (11K65M)","RVSN USSR","Site 107/1, Kapustin Yar, Russia"
"Cosmos-3M (11K65M)","RVSN USSR","Site 133/3, Plesetsk Cosmodrome, Russia"
"Cosmos-3M (11K65M)","RVSN USSR","Site 132/1, Plesetsk Cosmodrome, Russia"
"Cosmos-3MRB (65MRB)","RVSN USSR","Site 86/1, Kapustin Yar, Russia"
"Energiya/Buran","RVSN USSR","Site 110/37, Baikonur Cosmodrome, Kazakhstan"
"Energiya/Polyus","RVSN USSR","Site 250, Baikonur Cosmodrome, Kazakhstan"
"Molniya","RVSN USSR","Site 1/5, Baikonur Cosmodrome, Kazakhstan"
"Molniya","RVSN USSR","Site 31/6, Baikonur Cosmodrome, Kazakhstan"
"Molniya-M /Block 2BL","RVSN USSR","Site 16/2, Plesetsk Cosmodrome, Russia"
"Molniya-M /Block 2BL","RVSN USSR","Site 43/4, Plesetsk Cosmodrome, Russia"
"Molniya-M /Block 2BL","RVSN USSR","Site 43/3, Plesetsk Cosmodrome, Russia"
"Molniya-M /Block 2BL","RVSN USSR","Site 41/1, Plesetsk Cosmodrome, Russia"
"Molniya-M /Block L","RVSN USSR","Site 43/4, Plesetsk Cosmodrome, Russia"
"Molniya-M /Block L","RVSN USSR","Site 31/6, Baikonur Cosmodrome, Kazakhstan"
"Molniya-M /Block L","RVSN USSR","Site 1/5, Baikonur Cosmodrome, Kazakhstan"
"Molniya-M /Block L","RVSN USSR","Site 41/1, Plesetsk Cosmodrome, Russia"
"Molniya-M /Block ML","RVSN USSR","Site 41/1, Plesetsk Cosmodrome, Russia"
"Molniya-M /Block ML","RVSN USSR","Site 43/4, Plesetsk Cosmodrome, Russia"
"Molniya-M /Block ML","RVSN USSR","Site 43/3, Plesetsk Cosmodrome, Russia"
"Molniya-M /Block ML","RVSN USSR","Site 1/5, Baikonur Cosmodrome, Kazakhstan"
"Molniya-M /Block NVL","RVSN USSR","Site 31/6, Baikonur Cosmodrome, Kazakhstan"
"Molniya-M /Block SO-L","RVSN USSR","Site 43/3, Plesetsk Cosmodrome, Russia"
"Molniya-M /Block SO-L","RVSN USSR","Site 31/6, Baikonur Cosmodrome, Kazakhstan"
"Molniya-M /Block VL","RVSN USSR","Site 1/5, Baikonur Cosmodrome, Kazakhstan"
"N1-L3","RVSN USSR","Site 110/37, Baikonur Cosmodrome, Kazakhstan"
"N1-L3","RVSN USSR","Site 110/38, Baikonur Cosmodrome, Kazakhstan"
"Poliot","RVSN USSR","Site 1/5, Baikonur Cosmodrome, Kazakhstan"
"Proton","RVSN USSR","Site 81/24, Baikonur Cosmodrome, Kazakhstan"
"Proton K","RVSN USSR","Site 81/24, Baikonur Cosmodrome, Kazakhstan"
"Proton K","RVSN USSR","Site 81/23, Baikonur Cosmodrome, Kazakhstan"
"Proton K/Block-DM","RVSN USSR","Site 81/23, Baikonur Cosmodrome, Kazakhstan"
"Proton K/Block D","RVSN USSR","Site 81/23, Baikonur Cosmodrome, Kazakhstan"
"Proton K/Block D","RVSN USSR","Site 81/24, Baikonur Cosmodrome, Kazakhstan"
"Rokot/Briz K","RVSN USSR","Site 131/29, Baikonur Cosmodrome, Kazakhstan"
"Rokot/Briz K","RVSN USSR","Site 175/58, Baikonur Cosmodrome, Kazakhstan"
"Soyuz","RVSN USSR","Site 31/6, Baikonur Cosmodrome, Kazakhstan"
"Soyuz","RVSN USSR","Site 1/5, Baikonur Cosmodrome, Kazakhstan"
"Soyuz L","RVSN USSR","Site 31/6, Baikonur Cosmodrome, Kazakhstan"
"Soyuz M","RVSN USSR","Site 41/1, Plesetsk Cosmodrome, Russia"
"Soyuz M","RVSN USSR","Site 43/4, Plesetsk Cosmodrome, Russia"
"Soyuz U","RVSN USSR","Site 1/5, Baikonur Cosmodrome, Kazakhstan"
"Soyuz U","RVSN USSR","Site 43/4, Plesetsk Cosmodrome, Russia"
"Soyuz U","RVSN USSR","Site 43/3, Plesetsk Cosmodrome, Russia"
"Soyuz U","RVSN USSR","Site 31/6, Baikonur Cosmodrome, Kazakhstan"
"Soyuz U","RVSN USSR","Site 41/1, Plesetsk Cosmodrome, Russia"
"Sputnik 8A91","RVSN USSR","Site 1/5, Baikonur Cosmodrome, Kazakhstan"
"Sputnik 8K71PS","RVSN USSR","Site 1/5, Baikonur Cosmodrome, Kazakhstan"
"Tsyklon","RVSN USSR","Site 162, Baikonur Cosmodrome, Kazakhstan"
"Tsyklon","RVSN USSR","Site 191/66, Baikonur Cosmodrome, Kazakhstan"
"Tsyklon","RVSN USSR","Site 161/35, Baikonur Cosmodrome, Kazakhstan"
"Tsyklon-2","RVSN USSR","Site 90/19, Baikonur Cosmodrome, Kazakhstan"
"Tsyklon-2","RVSN USSR","Site 90/20, Baikonur Cosmodrome, Kazakhstan"
"Tsyklon-2A","RVSN USSR","Site 90/20, Baikonur Cosmodrome, Kazakhstan"
"Tsyklon-2A","RVSN USSR","Site 90/19, Baikonur Cosmodrome, Kazakhstan"
"Tsyklon-3","RVSN USSR","Site 32/1, Plesetsk Cosmodrome, Russia"
"Tsyklon-3","RVSN USSR","Site 32/2, Plesetsk Cosmodrome, Russia"
"Voskhod","RVSN USSR","Site 1/5, Baikonur Cosmodrome, Kazakhstan"
"Voskhod","RVSN USSR","Site 41/1, Plesetsk Cosmodrome, Russia"
"Voskhod","RVSN USSR","Site 43/3, Plesetsk Cosmodrome, Russia"
"Voskhod","RVSN USSR","Site 31/6, Baikonur Cosmodrome, Kazakhstan"
"Voskhod","RVSN USSR","Site 43/4, Plesetsk Cosmodrome, Russia"
"Vostok","RVSN USSR","Site 1/5, Baikonur Cosmodrome, Kazakhstan"
"Vostok-2","RVSN USSR","Site 1/5, Baikonur Cosmodrome, Kazakhstan"
"Vostok-2","RVSN USSR","Site 31/6, Baikonur Cosmodrome, Kazakhstan"
"Vostok-2","RVSN USSR","Site 41/1, Plesetsk Cosmodrome, Russia"
"Vostok-2A","RVSN USSR","Site 31/6, Baikonur Cosmodrome, Kazakhstan"
"Vostok-2M","RVSN USSR","Site 43/4, Plesetsk Cosmodrome, Russia"
"Vostok-2M","RVSN USSR","Site 43/3, Plesetsk Cosmodrome, Russia"
"Vostok-2M","RVSN USSR","Site 16/2, Plesetsk Cosmodrome, Russia"
"Vostok-2M","RVSN USSR","Site 31/6, Baikonur Cosmodrome, Kazakhstan"
"Vostok-2M","RVSN USSR","Site 41/1, Plesetsk Cosmodrome, Russia"
"Zenit-2","RVSN USSR","Site 45/1, Baikonur Cosmodrome, Kazakhstan"
"Zenit-2","RVSN USSR","Site 45/2, Baikonur Cosmodrome, Kazakhstan"
"Super Stripy","Sandia","LP-41, Kauai, Pacific Missile Range Facility"
"Zenit-3 SL","Sea Launch","LP Odyssey, Kiritimati Launch Area, Pacific Ocean"
"Falcon 1","SpaceX","Omelek Island, Ronald Reagan Ballistic Missile Defense Test Site, Marshall Islands, USA"
"Falcon 9 Block 3","SpaceX","LC-39A, Kennedy Space Center, Florida, USA"
"Falcon 9 Block 3","SpaceX","SLC-40, Cape Canaveral AFS, Florida, USA"
"Falcon 9 Block 3","SpaceX","SLC-4E, Vandenberg AFB, California, USA"
"Falcon 9 Block 4","SpaceX","SLC-4E, Vandenberg AFB, California, USA"
"Falcon 9 Block 4","SpaceX","LC-39A, Kennedy Space Center, Florida, USA"
"Falcon 9 Block 4","SpaceX","SLC-40, Cape Canaveral AFS, Florida, USA"
"Falcon 9 Block 5","SpaceX","SLC-4E, Vandenberg AFB, California, USA"
"Falcon 9 Block 5","SpaceX","SLC-4E, Vandenberg SFB, California, USA"
"Falcon 9 Block 5","SpaceX","SLC-40, Cape Canaveral SFS, Florida, USA"
"Falcon 9 Block 5","SpaceX","SLC-40, Cape Canaveral AFS, Florida, USA"
"Falcon 9 Block 5","SpaceX","LC-39A, Kennedy Space Center, Florida, USA"
"Falcon 9 v1.0","SpaceX","SLC-40, Cape Canaveral AFS, Florida, USA"
"Falcon 9 v1.1","SpaceX","SLC-40, Cape Canaveral AFS, Florida, USA"
"Falcon 9 v1.1","SpaceX","SLC-4E, Vandenberg AFB, California, USA"
"Falcon Heavy","SpaceX","LC-39A, Kennedy Space Center, Florida, USA"
"Starship Prototype","SpaceX","Pad A, Boca Chica, Texas, USA"
"Starship Prototype","SpaceX","Suborbital Pad A, Starbase, Texas, USA"
"Starship Prototype","SpaceX","Suborbital Pad B, Starbase, Texas, USA"
"Shtil'","SRC","K-84 Submarine, Barents Sea Launch Area, Barents Sea"
"Shtil'","SRC","K-407 Submarine, Barents Sea Launch Area, Barents Sea"
"Volna","SRC","K-496 Submarine, Barents Sea Launch Area, Barents Sea"
"Soyuz 2.1b/Fregat","Starsem","Site 1S, Vostochny Cosmodrome, Russia"
"Soyuz 2.1b/Fregat","Starsem","Site 31/6, Baikonur Cosmodrome, Kazakhstan"
"Soyuz FG/Fregat","Starsem","Site 31/6, Baikonur Cosmodrome, Kazakhstan"
"Atlas V 401","ULA","SLC-41, Cape Canaveral SFS, Florida, USA"
"Atlas V 401","ULA","SLC-41, Cape Canaveral AFS, Florida, USA"
"Atlas V 401","ULA","SLC-3E, Vandenberg SFB, California, USA"
"Atlas V 401","ULA","SLC-3E, Vandenberg AFB, California, USA"
"Atlas V 411","ULA","SLC-41, Cape Canaveral AFS, Florida, USA"
"Atlas V 411","ULA","SLC-3E, Vandenberg AFB, California, USA"
"Atlas V 421","ULA","SLC-41, Cape Canaveral AFS, Florida, USA"
"Atlas V 421","ULA","SLC-41, Cape Canaveral SFS, Florida, USA"
"Atlas V 431","ULA","SLC-41, Cape Canaveral AFS, Florida, USA"
"Atlas V 501","ULA","SLC-41, Cape Canaveral AFS, Florida, USA"
"Atlas V 501","ULA","SLC-3E, Vandenberg AFB, California, USA"
"Atlas V 511","ULA","SLC-41, Cape Canaveral SFS, Florida, USA"
"Atlas V 531","ULA","SLC-41, Cape Canaveral SFS, Florida, USA"
"Atlas V 531","ULA","SLC-41, Cape Canaveral AFS, Florida, USA"
"Atlas V 541","ULA","SLC-3E, Vandenberg AFB, California, USA"
"Atlas V 541","ULA","SLC-41, Cape Canaveral AFS, Florida, USA"
"Atlas V 541","ULA","SLC-41, Cape Canaveral SFS, Florida, USA"
"Atlas V 551","ULA","SLC-41, Cape Canaveral SFS, Florida, USA"
"Atlas V 551","ULA","SLC-41, Cape Canaveral AFS, Florida, USA"
"Atlas V N22","ULA","SLC-41, Cape Canaveral SFS, Florida, USA"
"Atlas V N22","ULA","SLC-41, Cape Canaveral AFS, Florida, USA"
"Delta II 7320-10C","ULA","SLC-2W, Vandenberg AFB, California, USA"
"Delta II 7420-10C","ULA","SLC-2W, Vandenberg AFB, California, USA"
"Delta II 7920-10C","ULA","SLC-17B, Cape Canaveral AFS, Florida, USA"
"Delta II 7920-10C","ULA","SLC-2W, Vandenberg AFB, California, USA"
"Delta II 7920H-10C","ULA","SLC-17B, Cape Canaveral AFS, Florida, USA"
"Delta II 7925","ULA","SLC-17A, Cape Canaveral AFS, Florida, USA"
"Delta II 7925-10C","ULA","SLC-17B, Cape Canaveral AFS, Florida, USA"
"Delta II 7925-10L","ULA","SLC-17B, Cape Canaveral AFS, Florida, USA"
"Delta II 7925H","ULA","SLC-17B, Cape Canaveral AFS, Florida, USA"
"Delta IV Heavy","ULA","SLC-37B, Cape Canaveral AFS, Florida, USA"
"Delta IV Heavy","ULA","SLC-6, Vandenberg AFB, California, USA"
"Delta IV Heavy","ULA","SLC-37B, Cape Canaveral SFS, Florida, USA"
"Delta IV Heavy","ULA","SLC-6, Vandenberg SFB, California, USA"
"Delta IV Medium+ (4,2)","ULA","SLC-37B, Cape Canaveral AFS, Florida, USA"
"Delta IV Medium+ (5,2)","ULA","SLC-6, Vandenberg AFB, California, USA"
"Delta IV Medium+ (5,4)","ULA","SLC-37B, Cape Canaveral AFS, Florida, USA"
"Delta A","US Air Force","SLC-17B, Cape Canaveral AFS, Florida, USA"
"Delta B","US Air Force","SLC-17A, Cape Canaveral AFS, Florida, USA"
"Scout X-2B","US Air Force","SLC-5, Vandenberg AFB, California, USA"
"Scout X-2M","US Air Force","SLC-5, Vandenberg AFB, California, USA"
"Scout X-3","US Air Force","SLC-5, Vandenberg AFB, California, USA"
"Scout X-3M","US Air Force","SLC-5, Vandenberg AFB, California, USA"
"Scout X-4","US Air Force","SLC-5, Vandenberg AFB, California, USA"
"SM-65B Atlas","US Air Force","LC-11, Cape Canaveral AFS, Florida, USA"
"Thor-DM 18 Able I","US Air Force","SLC-17A, Cape Canaveral AFS, Florida, USA"
"Thor-DM18 Agena-A","US Air Force","SLC-1W (75-3-4), Vandenberg AFB, California, USA"
"Thor-DM18 Agena-A","US Air Force","SLC-1E (75-3-5), Vandenberg AFB, California, USA"
"Thor-DM21 Ablestar","US Air Force","SLC-17A, Cape Canaveral AFS, Florida, USA"
"Thor-DM21 Ablestar","US Air Force","SLC-17B, Cape Canaveral AFS, Florida, USA"
"Thor DM-18 Able-II","US Air Force","SLC-17A, Cape Canaveral AFS, Florida, USA"
"Thor DM-18 Able-III","US Air Force","SLC-17A, Cape Canaveral AFS, Florida, USA"
"Thor DM-18 Able-IV","US Air Force","SLC-17A, Cape Canaveral AFS, Florida, USA"
"Thor DM-19 Delta","US Air Force","SLC-17A, Cape Canaveral AFS, Florida, USA"
"Thor DM-19 Delta","US Air Force","SLC-17B, Cape Canaveral AFS, Florida, USA"
"Thor DM-21 Agena-B","US Air Force","SLC-2E (75-1-1), Vandenberg AFB, California, USA"
"Thor DM-21 Agena-B","US Air Force","SLC-1W (75-3-4), Vandenberg AFB, California, USA"
"Thor DM-21 Agena-B","US Air Force","SLC-1E (75-3-5), Vandenberg AFB, California, USA"
"Thor DM-21 Agena-D","US Air Force","SLC-2W, Vandenberg AFB, California, USA"
"Thor DM-21 Agena-D","US Air Force","SLC-1E (75-3-5), Vandenberg AFB, California, USA"
"Thor DM-21 Agena-D","US Air Force","SLC-2E (75-1-1), Vandenberg AFB, California, USA"
"Titan III(23)B","US Air Force","SLC-4W, Vandenberg AFB, California, USA"
"Titan III(24)B","US Air Force","SLC-4W, Vandenberg AFB, California, USA"
"Titan IIIA","US Air Force","SLC-20, Cape Canaveral AFS, Florida, USA"
"Titan IIIB","US Air Force","SLC-4W, Vandenberg AFB, California, USA"
"NOTS-EV-1 Pilot II","US Navy","Douglas F4D Skyray, Naval Air Station Point Mugu, California, USA"
"Vanguard","US Navy","LC-18A, Cape Canaveral AFS, Florida, USA"
"Lambda-IV S","UT","Uchinoura Space Center, Japan"
"SpaceShipTwo","Virgin Galactic","VMS Eve, Spaceport America, New Mexico, USA"
"LauncherOne","Virgin Orbit","Cosmic Girl, Mojave Air and Space Port, California, USA"
"Angara 1.2","VKS RF","Site 35/1, Plesetsk Cosmodrome, Russia"
"Angara A5/Briz-M","VKS RF","Site 35/1, Plesetsk Cosmodrome, Russia"
"Angara A5/Persey","VKS RF","Site 35/1, Plesetsk Cosmodrome, Russia"
"Cosmos-3M (11K65M)","VKS RF","Site 133/3, Plesetsk Cosmodrome, Russia"
"Cosmos-3M (11K65M)","VKS RF","Site 132/1, Plesetsk Cosmodrome, Russia"
"Cosmos-3M (11K65M)","VKS RF","Site 107/1, Kapustin Yar, Russia"
"Molniya-M /Block 2BL","VKS RF","Site 31/6, Baikonur Cosmodrome, Kazakhstan"
"Molniya-M /Block 2BL","VKS RF","Site 16/2, Plesetsk Cosmodrome, Russia"
"Molniya-M /Block 2BL","VKS RF","Site 43/4, Plesetsk Cosmodrome, Russia"
"Molniya-M /Block 2BL","VKS RF","Site 43/3, Plesetsk Cosmodrome, Russia"
"Molniya-M /Block ML","VKS RF","Site 43/3, Plesetsk Cosmodrome, Russia"
"Molniya-M /Block ML","VKS RF","Site 43/4, Plesetsk Cosmodrome, Russia"
"Molniya-M /Block ML","VKS RF","Site 16/2, Plesetsk Cosmodrome, Russia"
"Molniya-M /Block NVL","VKS RF","Site 43/3, Plesetsk Cosmodrome, Russia"
"Proton-M/Briz-M","VKS RF","Site 81/24, Baikonur Cosmodrome, Kazakhstan"
"Proton-M/Briz-M","VKS RF","Site 200/39, Baikonur Cosmodrome, Kazakhstan"
"Proton-M/DM-3","VKS RF","Site 81/24, Baikonur Cosmodrome, Kazakhstan"
"Rokot/Briz K","VKS RF","Site 175/58, Baikonur Cosmodrome, Kazakhstan"
"Rokot/Briz KM","VKS RF","Site 133/3, Plesetsk Cosmodrome, Russia"
"Soyuz 2.1a","VKS RF","Site 43/4, Plesetsk Cosmodrome, Russia"
"Soyuz 2.1a/Fregat-M","VKS RF","Site 43/4, Plesetsk Cosmodrome, Russia"
"Soyuz 2.1a/Fregat-M","VKS RF","Site 43/3, Plesetsk Cosmodrome, Russia"
"Soyuz 2.1b","VKS RF","Site 43/4, Plesetsk Cosmodrome, Russia"
"Soyuz 2.1b","VKS RF","Site 43/3, Plesetsk Cosmodrome, Russia"
"Soyuz 2.1b/Fregat","VKS RF","Site 43/4, Plesetsk Cosmodrome, Russia"
"Soyuz 2.1b/Fregat","VKS RF","Site 43/3, Plesetsk Cosmodrome, Russia"
"Soyuz 2.1b/Fregat-M","VKS RF","Site 31/6, Baikonur Cosmodrome, Kazakhstan"
"Soyuz 2.1b/Fregat-M","VKS RF","Site 43/3, Plesetsk Cosmodrome, Russia"
"Soyuz 2.1b/Fregat-M","VKS RF","Site 43/4, Plesetsk Cosmodrome, Russia"
"Soyuz 2.1v/Volga","VKS RF","Site 43/4, Plesetsk Cosmodrome, Russia"
"Strela","VKS RF","Site 175/59, Baikonur Cosmodrome, Kazakhstan"
"Tsyklon-2","VKS RF","Site 90/20, Baikonur Cosmodrome, Kazakhstan"
"Tsyklon-3","VKS RF","Site 32/1, Plesetsk Cosmodrome, Russia"
"Tsyklon-3","VKS RF","Site 32/2, Plesetsk Cosmodrome, Russia"
"Zenit-2","VKS RF","Site 45/1, Baikonur Cosmodrome, Kazakhstan"
"Tsyklon-2","Yuzhmash","Site 90/20, Baikonur Cosmodrome, Kazakhstan"
"Tsyklon-3","Yuzhmash","Site 32/2, Plesetsk Cosmodrome, Russia"
